record_type,model_id,baseline_model,resize,mode,metric,n,mean,sample_sd,complete,seed,epoch,value
accuracy_epoch199_ema,deit_s8,,160,,epoch_199_ema_top1,3,66.88666666666667,0.23459184413217582,True,,199,
accuracy_epoch199_ema,mn_l2,,160,,epoch_199_ema_top1,3,68.98,0.8314445261110303,True,,199,
accuracy_epoch199_ema,mn_l4,,160,,epoch_199_ema_top1,3,66.37333333333333,0.2818391976523692,True,,199,
accuracy_epoch199_ema,deit_s8,,192,,epoch_199_ema_top1,3,65.94,0.27622454633866095,True,,199,
accuracy_epoch199_ema,mn_l2,,192,,epoch_199_ema_top1,3,69.66666666666667,0.44747439405326045,True,,199,
accuracy_epoch199_ema,mn_l4,,192,,epoch_199_ema_top1,3,68.70333333333333,0.9681081206834964,True,,199,
accuracy_epoch199_ema,deit_s8,,224,,epoch_199_ema_top1,3,66.06,0.6009991680526705,True,,199,
accuracy_epoch199_ema,mn_l2,,224,,epoch_199_ema_top1,3,70.12,0.4371498598878903,True,,199,
accuracy_epoch199_ema,mn_l4,,224,,epoch_199_ema_top1,3,69.70666666666666,0.17039170558842898,True,,199,
accuracy_epoch199_ema,deit_s8,,256,,epoch_199_ema_top1,3,65.68333333333334,0.15631165450257242,True,,199,
accuracy_epoch199_ema,mn_l2,,256,,epoch_199_ema_top1,3,70.38666666666667,0.5236729259120907,True,,199,
accuracy_epoch199_ema,mn_l4,,256,,epoch_199_ema_top1,3,68.8,0.582752091373339,True,,199,
accuracy_epoch199_ema,deit_s8,,320,,epoch_199_ema_top1,3,65.06666666666666,0.6727803009403048,True,,199,
accuracy_epoch199_ema,mn_l2,,320,,epoch_199_ema_top1,3,70.74333333333334,0.266333124739174,True,,199,
accuracy_epoch199_ema,mn_l4,,320,,epoch_199_ema_top1,3,67.26,0.3559494346111548,True,,199,
paired_accuracy_delta,mn_l2,deit_s8,160,,paired_accuracy_delta_pp,3,2.0933333333333386,0.7422488351848902,True,,199,
paired_accuracy_delta,mn_l4,deit_s8,160,,paired_accuracy_delta_pp,3,-0.5133333333333306,0.515881123257416,True,,199,
paired_accuracy_delta,mn_l2,deit_s8,192,,paired_accuracy_delta_pp,3,3.726666666666669,0.6925556536000067,True,,199,
paired_accuracy_delta,mn_l4,deit_s8,192,,paired_accuracy_delta_pp,3,2.7633333333333305,1.1792511748280452,True,,199,
paired_accuracy_delta,mn_l2,deit_s8,224,,paired_accuracy_delta_pp,3,4.059999999999998,0.5556077753235636,True,,199,
paired_accuracy_delta,mn_l4,deit_s8,224,,paired_accuracy_delta_pp,3,3.646666666666666,0.5381759315812354,True,,199,
paired_accuracy_delta,mn_l2,deit_s8,256,,paired_accuracy_delta_pp,3,4.703333333333333,0.5750072463311493,True,,199,
paired_accuracy_delta,mn_l4,deit_s8,256,,paired_accuracy_delta_pp,3,3.116666666666665,0.5750072463311542,True,,199,
paired_accuracy_delta,mn_l2,deit_s8,320,,paired_accuracy_delta_pp,3,5.676666666666667,0.7804058773057305,True,,199,
paired_accuracy_delta,mn_l4,deit_s8,320,,paired_accuracy_delta_pp,3,2.193333333333333,0.6000277771347978,True,,199,
paired_efficiency_ratio,mn_l2,deit_s8,160,train,throughput_ratio,8,0.40609843367641163,0.04216089858610453,True,,,
paired_efficiency_ratio,mn_l2,deit_s8,160,train,step_time_ratio,8,2.4851710074307296,0.25188419540395574,True,,,
paired_efficiency_ratio,mn_l2,deit_s8,160,train,peak_allocated_ratio,8,1.1510269238938322,1.542074601838655e-05,True,,,
paired_efficiency_ratio,mn_l2,deit_s8,160,train,peak_reserved_ratio,8,1.2426196598634218,0.00163123510243227,True,,,
paired_efficiency_ratio,mn_l2,deit_s8,160,train,params_ratio,8,1.0414787297769765,0.0,True,,,
paired_efficiency_ratio,mn_l4,deit_s8,160,train,throughput_ratio,8,0.5373449165962824,0.06431386555627405,True,,,
paired_efficiency_ratio,mn_l4,deit_s8,160,train,step_time_ratio,8,1.8879217039733223,0.25871588787848654,True,,,
paired_efficiency_ratio,mn_l4,deit_s8,160,train,peak_allocated_ratio,8,0.8382054859265037,1.1229758089383845e-05,True,,,
paired_efficiency_ratio,mn_l4,deit_s8,160,train,peak_reserved_ratio,8,0.9552916336256342,0.001254048439891336,True,,,
paired_efficiency_ratio,mn_l4,deit_s8,160,train,params_ratio,8,1.039193155000372,0.0,True,,,
paired_efficiency_ratio,mn_l2,deit_s8,160,infer_generic,throughput_ratio,8,0.36650051138575923,0.03632312043117323,True,,,
paired_efficiency_ratio,mn_l2,deit_s8,160,infer_generic,step_time_ratio,8,2.7546962774712154,0.30367451594172484,True,,,
paired_efficiency_ratio,mn_l2,deit_s8,160,infer_generic,peak_allocated_ratio,8,1.8275810993349122,0.0,True,,,
paired_efficiency_ratio,mn_l2,deit_s8,160,infer_generic,peak_reserved_ratio,8,1.8516129032258064,0.0,True,,,
paired_efficiency_ratio,mn_l2,deit_s8,160,infer_generic,params_ratio,8,1.0414787297769765,0.0,True,,,
paired_efficiency_ratio,mn_l4,deit_s8,160,infer_generic,throughput_ratio,8,0.4728652073505409,0.05692457435964913,True,,,
paired_efficiency_ratio,mn_l4,deit_s8,160,infer_generic,step_time_ratio,8,2.1474628044892787,0.3120928369970304,True,,,
paired_efficiency_ratio,mn_l4,deit_s8,160,infer_generic,peak_allocated_ratio,8,1.6748459639909132,0.0,True,,,
paired_efficiency_ratio,mn_l4,deit_s8,160,infer_generic,peak_reserved_ratio,8,1.793548387096774,0.0,True,,,
paired_efficiency_ratio,mn_l4,deit_s8,160,infer_generic,params_ratio,8,1.039193155000372,0.0,True,,,
paired_efficiency_ratio,mn_l2,deit_s8,160,infer_fast,throughput_ratio,8,0.3809979537467221,0.043641703349414224,True,,,
paired_efficiency_ratio,mn_l2,deit_s8,160,infer_fast,step_time_ratio,8,2.6606454423118553,0.3610309957935772,True,,,
paired_efficiency_ratio,mn_l2,deit_s8,160,infer_fast,peak_allocated_ratio,8,1.7670663204109989,0.0,True,,,
paired_efficiency_ratio,mn_l2,deit_s8,160,infer_fast,peak_reserved_ratio,8,2.238709677419355,0.0,True,,,
paired_efficiency_ratio,mn_l2,deit_s8,160,infer_fast,params_ratio,8,1.0414787297769765,0.0,True,,,
paired_efficiency_ratio,mn_l4,deit_s8,160,infer_fast,throughput_ratio,8,0.47437419890063753,0.05690018865304945,True,,,
paired_efficiency_ratio,mn_l4,deit_s8,160,infer_fast,step_time_ratio,8,2.1392615846156877,0.2993100083174543,True,,,
paired_efficiency_ratio,mn_l4,deit_s8,160,infer_fast,peak_allocated_ratio,8,1.6136211784821315,0.0,True,,,
paired_efficiency_ratio,mn_l4,deit_s8,160,infer_fast,peak_reserved_ratio,8,2.1161290322580646,0.0,True,,,
paired_efficiency_ratio,mn_l4,deit_s8,160,infer_fast,params_ratio,8,1.039193155000372,0.0,True,,,
paired_efficiency_ratio,mn_l2,deit_s8,192,train,throughput_ratio,8,0.5047136484250196,0.030372815845043536,True,,,
paired_efficiency_ratio,mn_l2,deit_s8,192,train,step_time_ratio,8,1.9880173993122638,0.12727136356667523,True,,,
paired_efficiency_ratio,mn_l2,deit_s8,192,train,peak_allocated_ratio,8,1.156130974485985,0.0003749302168101931,True,,,
paired_efficiency_ratio,mn_l2,deit_s8,192,train,peak_reserved_ratio,8,1.3005434782608696,0.0,True,,,
paired_efficiency_ratio,mn_l2,deit_s8,192,train,params_ratio,8,1.0444738289973137,0.0,True,,,
paired_efficiency_ratio,mn_l4,deit_s8,192,train,throughput_ratio,8,0.6494707287674513,0.05937681160360177,True,,,
paired_efficiency_ratio,mn_l4,deit_s8,192,train,step_time_ratio,8,1.5518932363049205,0.15269443085396217,True,,,
paired_efficiency_ratio,mn_l4,deit_s8,192,train,peak_allocated_ratio,8,0.8228233872117865,0.0,True,,,
paired_efficiency_ratio,mn_l4,deit_s8,192,train,peak_reserved_ratio,8,0.9929347826086956,0.0,True,,,
paired_efficiency_ratio,mn_l4,deit_s8,192,train,params_ratio,8,1.04219539597483,0.0,True,,,
paired_efficiency_ratio,mn_l2,deit_s8,192,infer_generic,throughput_ratio,8,0.4808566901704856,0.04619603870598725,True,,,
paired_efficiency_ratio,mn_l2,deit_s8,192,infer_generic,step_time_ratio,8,2.1005115732544515,0.24884074541589873,True,,,
paired_efficiency_ratio,mn_l2,deit_s8,192,infer_generic,peak_allocated_ratio,8,1.975903442975277,0.0,True,,,
paired_efficiency_ratio,mn_l2,deit_s8,192,infer_generic,peak_reserved_ratio,8,2.287671232876712,0.0,True,,,
paired_efficiency_ratio,mn_l2,deit_s8,192,infer_generic,params_ratio,8,1.0444738289973137,0.0,True,,,
paired_efficiency_ratio,mn_l4,deit_s8,192,infer_generic,throughput_ratio,8,0.6018578347202976,0.13003576580771348,True,,,
paired_efficiency_ratio,mn_l4,deit_s8,192,infer_generic,step_time_ratio,8,1.7609241291760651,0.5316627978843355,True,,,
paired_efficiency_ratio,mn_l4,deit_s8,192,infer_generic,peak_allocated_ratio,8,1.8125519991615437,0.0,True,,,
paired_efficiency_ratio,mn_l4,deit_s8,192,infer_generic,peak_reserved_ratio,8,2.1598173515981736,0.0,True,,,
paired_efficiency_ratio,mn_l4,deit_s8,192,infer_generic,params_ratio,8,1.04219539597483,0.0,True,,,
paired_efficiency_ratio,mn_l2,deit_s8,192,infer_fast,throughput_ratio,8,0.4950561674599089,0.06463455483884854,True,,,
paired_efficiency_ratio,mn_l2,deit_s8,192,infer_fast,step_time_ratio,8,2.05580141862517,0.314054156126029,True,,,
paired_efficiency_ratio,mn_l2,deit_s8,192,infer_fast,peak_allocated_ratio,8,1.9025540564845138,0.0,True,,,
paired_efficiency_ratio,mn_l2,deit_s8,192,infer_fast,peak_reserved_ratio,8,2.2922374429223744,0.0,True,,,
paired_efficiency_ratio,mn_l2,deit_s8,192,infer_fast,params_ratio,8,1.0444738289973137,0.0,True,,,
paired_efficiency_ratio,mn_l4,deit_s8,192,infer_fast,throughput_ratio,8,0.6158985784606142,0.11879073898730895,True,,,
paired_efficiency_ratio,mn_l4,deit_s8,192,infer_fast,step_time_ratio,8,1.6923146697090083,0.41024267859332475,True,,,
paired_efficiency_ratio,mn_l4,deit_s8,192,infer_fast,peak_allocated_ratio,8,1.7392026126707805,0.0,True,,,
paired_efficiency_ratio,mn_l4,deit_s8,192,infer_fast,peak_reserved_ratio,8,2.1598173515981736,0.0,True,,,
paired_efficiency_ratio,mn_l4,deit_s8,192,infer_fast,params_ratio,8,1.04219539597483,0.0,True,,,
paired_efficiency_ratio,mn_l2,deit_s8,224,train,throughput_ratio,8,0.6122675613116508,0.03196503385139505,True,,,
paired_efficiency_ratio,mn_l2,deit_s8,224,train,step_time_ratio,8,1.6374238731980528,0.09096184549289241,True,,,
paired_efficiency_ratio,mn_l2,deit_s8,224,train,peak_allocated_ratio,8,1.1478177243709053,0.0,True,,,
paired_efficiency_ratio,mn_l2,deit_s8,224,train,peak_reserved_ratio,8,1.3055555555555556,0.0,True,,,
paired_efficiency_ratio,mn_l2,deit_s8,224,train,params_ratio,8,1.0479894486892212,0.0,True,,,
paired_efficiency_ratio,mn_l4,deit_s8,224,train,throughput_ratio,8,0.8219049306374926,0.0601448237868643,True,,,
paired_efficiency_ratio,mn_l4,deit_s8,224,train,step_time_ratio,8,1.2227222892687268,0.09466355091705594,True,,,
paired_efficiency_ratio,mn_l4,deit_s8,224,train,peak_allocated_ratio,8,0.8159263823204875,0.0,True,,,
paired_efficiency_ratio,mn_l4,deit_s8,224,train,peak_reserved_ratio,8,0.9506633499170812,0.0,True,,,
paired_efficiency_ratio,mn_l4,deit_s8,224,train,params_ratio,8,1.0457193985915003,0.0,True,,,
paired_efficiency_ratio,mn_l2,deit_s8,224,infer_generic,throughput_ratio,8,0.5463345116687341,0.016886018183116733,True,,,
paired_efficiency_ratio,mn_l2,deit_s8,224,infer_generic,step_time_ratio,8,1.8320054240544938,0.060099329509876794,True,,,
paired_efficiency_ratio,mn_l2,deit_s8,224,infer_generic,peak_allocated_ratio,8,2.10645583708416,0.0,True,,,
paired_efficiency_ratio,mn_l2,deit_s8,224,infer_generic,peak_reserved_ratio,8,2.4275092936802976,0.0,True,,,
paired_efficiency_ratio,mn_l2,deit_s8,224,infer_generic,params_ratio,8,1.0479894486892212,0.0,True,,,
paired_efficiency_ratio,mn_l4,deit_s8,224,infer_generic,throughput_ratio,8,0.7969414930930825,0.03331515621466117,True,,,
paired_efficiency_ratio,mn_l4,deit_s8,224,infer_generic,step_time_ratio,8,1.2568370186069036,0.055812628374205,True,,,
paired_efficiency_ratio,mn_l4,deit_s8,224,infer_generic,peak_allocated_ratio,8,1.9286004199786806,0.0,True,,,
paired_efficiency_ratio,mn_l4,deit_s8,224,infer_generic,peak_reserved_ratio,8,2.2899628252788102,0.0,True,,,
paired_efficiency_ratio,mn_l4,deit_s8,224,infer_generic,params_ratio,8,1.0457193985915003,0.0,True,,,
paired_efficiency_ratio,mn_l2,deit_s8,224,infer_fast,throughput_ratio,8,0.5779903008212538,0.02237081254903681,True,,,
paired_efficiency_ratio,mn_l2,deit_s8,224,infer_fast,step_time_ratio,8,1.732558689105632,0.07167466066816969,True,,,
paired_efficiency_ratio,mn_l2,deit_s8,224,infer_fast,peak_allocated_ratio,8,2.02397680931558,0.0,True,,,
paired_efficiency_ratio,mn_l2,deit_s8,224,infer_fast,peak_reserved_ratio,8,2.423791821561338,0.0,True,,,
paired_efficiency_ratio,mn_l2,deit_s8,224,infer_fast,params_ratio,8,1.0479894486892212,0.0,True,,,
paired_efficiency_ratio,mn_l4,deit_s8,224,infer_fast,throughput_ratio,8,0.8344435211176379,0.04179988508319056,True,,,
paired_efficiency_ratio,mn_l4,deit_s8,224,infer_fast,step_time_ratio,8,1.20119272052271,0.06370322074941864,True,,,
paired_efficiency_ratio,mn_l4,deit_s8,224,infer_fast,peak_allocated_ratio,8,1.8462239302399603,0.0,True,,,
paired_efficiency_ratio,mn_l4,deit_s8,224,infer_fast,peak_reserved_ratio,8,2.2899628252788102,0.0,True,,,
paired_efficiency_ratio,mn_l4,deit_s8,224,infer_fast,params_ratio,8,1.0457193985915003,0.0,True,,,
paired_efficiency_ratio,mn_l2,deit_s8,256,train,throughput_ratio,8,0.6628614125166099,0.01720540700968967,True,,,
paired_efficiency_ratio,mn_l2,deit_s8,256,train,step_time_ratio,8,1.5095143869231193,0.039790644752746795,True,,,
paired_efficiency_ratio,mn_l2,deit_s8,256,train,peak_allocated_ratio,8,1.1602134140086564,0.0,True,,,
paired_efficiency_ratio,mn_l2,deit_s8,256,train,peak_reserved_ratio,8,1.3419271672574928,0.0,True,,,
paired_efficiency_ratio,mn_l2,deit_s8,256,train,params_ratio,8,1.0520139230744814,0.0,True,,,
paired_efficiency_ratio,mn_l4,deit_s8,256,train,throughput_ratio,8,0.9307272838408155,0.037905501581103083,True,,,
paired_efficiency_ratio,mn_l4,deit_s8,256,train,step_time_ratio,8,1.0760773452298285,0.04629406238035322,True,,,
paired_efficiency_ratio,mn_l4,deit_s8,256,train,peak_allocated_ratio,8,0.8140603569343768,0.0,True,,,
paired_efficiency_ratio,mn_l4,deit_s8,256,train,peak_reserved_ratio,8,0.9726071543667418,0.0,True,,,
paired_efficiency_ratio,mn_l4,deit_s8,256,train,params_ratio,8,1.0497534692553512,0.0,True,,,
paired_efficiency_ratio,mn_l2,deit_s8,256,infer_generic,throughput_ratio,8,0.5914304152730623,0.003930416289481366,True,,,
paired_efficiency_ratio,mn_l2,deit_s8,256,infer_generic,step_time_ratio,8,1.690881434275849,0.011255655151398663,True,,,
paired_efficiency_ratio,mn_l2,deit_s8,256,infer_generic,peak_allocated_ratio,8,2.202527140529682,0.0,True,,,
paired_efficiency_ratio,mn_l2,deit_s8,256,infer_generic,peak_reserved_ratio,8,2.4176136363636362,0.0,True,,,
paired_efficiency_ratio,mn_l2,deit_s8,256,infer_generic,params_ratio,8,1.0520139230744814,0.0,True,,,
paired_efficiency_ratio,mn_l4,deit_s8,256,infer_generic,throughput_ratio,8,0.8669898932709688,0.013623661035454857,True,,,
paired_efficiency_ratio,mn_l4,deit_s8,256,infer_generic,step_time_ratio,8,1.1536662757350917,0.018204943923285824,True,,,
paired_efficiency_ratio,mn_l4,deit_s8,256,infer_generic,peak_allocated_ratio,8,2.013317621088855,0.0,True,,,
paired_efficiency_ratio,mn_l4,deit_s8,256,infer_generic,peak_reserved_ratio,8,2.278409090909091,0.0,True,,,
paired_efficiency_ratio,mn_l4,deit_s8,256,infer_generic,params_ratio,8,1.0497534692553512,0.0,True,,,
paired_efficiency_ratio,mn_l2,deit_s8,256,infer_fast,throughput_ratio,8,0.6192142603457292,0.006188150871181783,True,,,
paired_efficiency_ratio,mn_l2,deit_s8,256,infer_fast,step_time_ratio,8,1.6150911696475003,0.01615722457420037,True,,,
paired_efficiency_ratio,mn_l2,deit_s8,256,infer_fast,peak_allocated_ratio,8,2.1140324051860953,0.0,True,,,
paired_efficiency_ratio,mn_l2,deit_s8,256,infer_fast,peak_reserved_ratio,8,1.8380681818181819,0.0,True,,,
paired_efficiency_ratio,mn_l2,deit_s8,256,infer_fast,params_ratio,8,1.0520139230744814,0.0,True,,,
paired_efficiency_ratio,mn_l4,deit_s8,256,infer_fast,throughput_ratio,8,0.9127053542947049,0.016639768203456674,True,,,
paired_efficiency_ratio,mn_l4,deit_s8,256,infer_fast,step_time_ratio,8,1.0959701212322424,0.020457742456265377,True,,,
paired_efficiency_ratio,mn_l4,deit_s8,256,infer_fast,peak_allocated_ratio,8,1.9248228857452683,0.0,True,,,
paired_efficiency_ratio,mn_l4,deit_s8,256,infer_fast,peak_reserved_ratio,8,1.6960227272727273,0.0,True,,,
paired_efficiency_ratio,mn_l4,deit_s8,256,infer_fast,params_ratio,8,1.0497534692553512,0.0,True,,,
paired_efficiency_ratio,mn_l2,deit_s8,320,train,throughput_ratio,8,0.7201411463936411,0.0069137982731952395,True,,,
paired_efficiency_ratio,mn_l2,deit_s8,320,train,step_time_ratio,8,1.3887300527333257,0.013497929831984464,True,,,
paired_efficiency_ratio,mn_l2,deit_s8,320,train,peak_allocated_ratio,8,1.1611878916993768,0.0,True,,,
paired_efficiency_ratio,mn_l2,deit_s8,320,train,peak_reserved_ratio,8,1.3193166885676741,0.0,True,,,
paired_efficiency_ratio,mn_l2,deit_s8,320,train,params_ratio,8,1.0615352312193795,0.0,True,,,
paired_efficiency_ratio,mn_l4,deit_s8,320,train,throughput_ratio,8,1.0762005906355794,0.01566391074976838,True,,,
paired_efficiency_ratio,mn_l4,deit_s8,320,train,step_time_ratio,8,0.9293660980273704,0.013450808014021102,True,,,
paired_efficiency_ratio,mn_l4,deit_s8,320,train,peak_allocated_ratio,8,0.8105207313605153,0.0,True,,,
paired_efficiency_ratio,mn_l4,deit_s8,320,train,peak_reserved_ratio,8,0.9908015768725361,0.0,True,,,
paired_efficiency_ratio,mn_l4,deit_s8,320,train,params_ratio,8,1.059297480768878,0.0,True,,,
paired_efficiency_ratio,mn_l2,deit_s8,320,infer_generic,throughput_ratio,8,0.6514412916057474,0.007035048506428535,True,,,
paired_efficiency_ratio,mn_l2,deit_s8,320,infer_generic,step_time_ratio,8,1.5352176237378365,0.01692006880524064,True,,,
paired_efficiency_ratio,mn_l2,deit_s8,320,infer_generic,peak_allocated_ratio,8,2.3333021106919145,0.0,True,,,
paired_efficiency_ratio,mn_l2,deit_s8,320,infer_generic,peak_reserved_ratio,8,2.6,0.0,True,,,
paired_efficiency_ratio,mn_l2,deit_s8,320,infer_generic,params_ratio,8,1.0615352312193795,0.0,True,,,
paired_efficiency_ratio,mn_l4,deit_s8,320,infer_generic,throughput_ratio,8,0.9679262906506592,0.020151255354659624,True,,,
paired_efficiency_ratio,mn_l4,deit_s8,320,infer_generic,step_time_ratio,8,1.0335350752466654,0.021880503248978757,True,,,
paired_efficiency_ratio,mn_l4,deit_s8,320,infer_generic,peak_allocated_ratio,8,2.1326182728131022,0.0,True,,,
paired_efficiency_ratio,mn_l4,deit_s8,320,infer_generic,peak_reserved_ratio,8,2.4448979591836735,0.0,True,,,
paired_efficiency_ratio,mn_l4,deit_s8,320,infer_generic,params_ratio,8,1.059297480768878,0.0,True,,,
paired_efficiency_ratio,mn_l2,deit_s8,320,infer_fast,throughput_ratio,8,0.6788719014930842,0.002654916366254273,True,,,
paired_efficiency_ratio,mn_l2,deit_s8,320,infer_fast,step_time_ratio,8,1.4730516580428337,0.005759737409140484,True,,,
paired_efficiency_ratio,mn_l2,deit_s8,320,infer_fast,peak_allocated_ratio,8,2.2357286682158057,0.0,True,,,
paired_efficiency_ratio,mn_l2,deit_s8,320,infer_fast,peak_reserved_ratio,8,2.6,0.0,True,,,
paired_efficiency_ratio,mn_l2,deit_s8,320,infer_fast,params_ratio,8,1.0615352312193795,0.0,True,,,
paired_efficiency_ratio,mn_l4,deit_s8,320,infer_fast,throughput_ratio,8,1.0203807661228668,0.005024829532386065,True,,,
paired_efficiency_ratio,mn_l4,deit_s8,320,infer_fast,step_time_ratio,8,0.9800471228772837,0.004829554002969577,True,,,
paired_efficiency_ratio,mn_l4,deit_s8,320,infer_fast,peak_allocated_ratio,8,2.0350448303369935,0.0,True,,,
paired_efficiency_ratio,mn_l4,deit_s8,320,infer_fast,peak_reserved_ratio,8,2.4448979591836735,0.0,True,,,
paired_efficiency_ratio,mn_l4,deit_s8,320,infer_fast,params_ratio,8,1.059297480768878,0.0,True,,,
parity_formal,mn_l2,generic_vs_fast,160,logits_parity,max_abs_diff,8,0.0008544921875,0.00017263349150062197,True,,,
parity_formal,mn_l2,generic_vs_fast,160,logits_parity,mean_abs_diff,8,0.0001286404913116712,1.9766859883297445e-06,True,,,
parity_formal,mn_l2,generic_vs_fast,160,logits_parity,argmax_agreement,8,1.0,0.0,True,,,
parity_formal,mn_l2,generic_vs_fast,160,logits_parity,allclose_all,8,,,True,,,True
parity_formal,mn_l4,generic_vs_fast,160,logits_parity,max_abs_diff,8,0.001007080078125,8.631674575031098e-05,True,,,
parity_formal,mn_l4,generic_vs_fast,160,logits_parity,mean_abs_diff,8,0.00015956857532728463,3.343382615630727e-06,True,,,
parity_formal,mn_l4,generic_vs_fast,160,logits_parity,argmax_agreement,8,1.0,0.0,True,,,
parity_formal,mn_l4,generic_vs_fast,160,logits_parity,allclose_all,8,,,True,,,True
parity_formal,mn_l2,generic_vs_fast,192,logits_parity,max_abs_diff,8,0.0009765625,0.0,True,,,
parity_formal,mn_l2,generic_vs_fast,192,logits_parity,mean_abs_diff,8,0.0001330962095380528,2.011641425199247e-06,True,,,
parity_formal,mn_l2,generic_vs_fast,192,logits_parity,argmax_agreement,8,1.0,0.0,True,,,
parity_formal,mn_l2,generic_vs_fast,192,logits_parity,allclose_all,8,,,True,,,True
parity_formal,mn_l4,generic_vs_fast,192,logits_parity,max_abs_diff,8,0.0009765625,0.0,True,,,
parity_formal,mn_l4,generic_vs_fast,192,logits_parity,mean_abs_diff,8,0.00016457942547276616,2.609727695905938e-06,True,,,
parity_formal,mn_l4,generic_vs_fast,192,logits_parity,argmax_agreement,8,1.0,0.0,True,,,
parity_formal,mn_l4,generic_vs_fast,192,logits_parity,allclose_all,8,,,True,,,True
parity_formal,mn_l2,generic_vs_fast,224,logits_parity,max_abs_diff,8,0.0008697509765625,0.00015215130062966613,True,,,
parity_formal,mn_l2,generic_vs_fast,224,logits_parity,mean_abs_diff,8,0.0001296512309636455,3.279115969533174e-06,True,,,
parity_formal,mn_l2,generic_vs_fast,224,logits_parity,argmax_agreement,8,1.0,0.0,True,,,
parity_formal,mn_l2,generic_vs_fast,224,logits_parity,allclose_all,8,,,True,,,True
parity_formal,mn_l4,generic_vs_fast,224,logits_parity,max_abs_diff,8,0.0009765625,0.0,True,,,
parity_formal,mn_l4,generic_vs_fast,224,logits_parity,mean_abs_diff,8,0.00015203188195300754,4.593204058266857e-06,True,,,
parity_formal,mn_l4,generic_vs_fast,224,logits_parity,argmax_agreement,8,1.0,0.0,True,,,
parity_formal,mn_l4,generic_vs_fast,224,logits_parity,allclose_all,8,,,True,,,True
parity_formal,mn_l2,generic_vs_fast,256,logits_parity,max_abs_diff,8,0.0009765625,0.0,True,,,
parity_formal,mn_l2,generic_vs_fast,256,logits_parity,mean_abs_diff,8,0.0001285444050154183,2.1167197842516677e-06,True,,,
parity_formal,mn_l2,generic_vs_fast,256,logits_parity,argmax_agreement,8,1.0,0.0,True,,,
parity_formal,mn_l2,generic_vs_fast,256,logits_parity,allclose_all,8,,,True,,,True
parity_formal,mn_l4,generic_vs_fast,256,logits_parity,max_abs_diff,8,0.0009765625,0.0,True,,,
parity_formal,mn_l4,generic_vs_fast,256,logits_parity,mean_abs_diff,8,0.00014853851462248713,2.4933861632695e-06,True,,,
parity_formal,mn_l4,generic_vs_fast,256,logits_parity,argmax_agreement,8,1.0,0.0,True,,,
parity_formal,mn_l4,generic_vs_fast,256,logits_parity,allclose_all,8,,,True,,,True
parity_formal,mn_l2,generic_vs_fast,320,logits_parity,max_abs_diff,8,0.0009765625,0.0,True,,,
parity_formal,mn_l2,generic_vs_fast,320,logits_parity,mean_abs_diff,8,0.00012269214857951738,2.264863583225415e-06,True,,,
parity_formal,mn_l2,generic_vs_fast,320,logits_parity,argmax_agreement,8,1.0,0.0,True,,,
parity_formal,mn_l2,generic_vs_fast,320,logits_parity,allclose_all,8,,,True,,,True
parity_formal,mn_l4,generic_vs_fast,320,logits_parity,max_abs_diff,8,0.0009765625,0.0,True,,,
parity_formal,mn_l4,generic_vs_fast,320,logits_parity,mean_abs_diff,8,0.00016148562281159684,3.707030868256265e-06,True,,,
parity_formal,mn_l4,generic_vs_fast,320,logits_parity,argmax_agreement,8,1.0,0.0,True,,,
parity_formal,mn_l4,generic_vs_fast,320,logits_parity,allclose_all,8,,,True,,,True
checkpoint_parity_run,mn_l2,generic_vs_fast,160,epoch199_ema_full_cifar100,generic_top1,10000,,,True,42,199,68.8
checkpoint_parity_run,mn_l2,generic_vs_fast,160,epoch199_ema_full_cifar100,fast_top1,10000,,,True,42,199,68.78
checkpoint_parity_run,mn_l2,generic_vs_fast,160,epoch199_ema_full_cifar100,top1_delta_pp,10000,,,True,42,199,-0.02
checkpoint_parity_run,mn_l2,generic_vs_fast,160,epoch199_ema_full_cifar100,argmax_agreement,10000,,,True,42,199,0.9998
checkpoint_parity_run,mn_l2,generic_vs_fast,160,epoch199_ema_full_cifar100,argmax_mismatch_count,10000,,,True,42,199,2
checkpoint_parity_run,mn_l2,generic_vs_fast,160,epoch199_ema_full_cifar100,max_abs_logit_diff,10000,,,True,42,199,0.00390625
checkpoint_parity_run,mn_l2,generic_vs_fast,160,epoch199_ema_full_cifar100,mean_abs_logit_diff,10000,,,True,42,199,0.00023295812463760375
checkpoint_parity_run,mn_l2,generic_vs_fast,160,epoch199_ema_full_cifar100,generic_top1,10000,,,True,43,199,68.26
checkpoint_parity_run,mn_l2,generic_vs_fast,160,epoch199_ema_full_cifar100,fast_top1,10000,,,True,43,199,68.27
checkpoint_parity_run,mn_l2,generic_vs_fast,160,epoch199_ema_full_cifar100,top1_delta_pp,10000,,,True,43,199,0.01
checkpoint_parity_run,mn_l2,generic_vs_fast,160,epoch199_ema_full_cifar100,argmax_agreement,10000,,,True,43,199,0.9999
checkpoint_parity_run,mn_l2,generic_vs_fast,160,epoch199_ema_full_cifar100,argmax_mismatch_count,10000,,,True,43,199,1
checkpoint_parity_run,mn_l2,generic_vs_fast,160,epoch199_ema_full_cifar100,max_abs_logit_diff,10000,,,True,43,199,0.0078125
checkpoint_parity_run,mn_l2,generic_vs_fast,160,epoch199_ema_full_cifar100,mean_abs_logit_diff,10000,,,True,43,199,0.0002274896920323372
checkpoint_parity_run,mn_l2,generic_vs_fast,160,epoch199_ema_full_cifar100,generic_top1,10000,,,True,44,199,69.88
checkpoint_parity_run,mn_l2,generic_vs_fast,160,epoch199_ema_full_cifar100,fast_top1,10000,,,True,44,199,69.87
checkpoint_parity_run,mn_l2,generic_vs_fast,160,epoch199_ema_full_cifar100,top1_delta_pp,10000,,,True,44,199,-0.01
checkpoint_parity_run,mn_l2,generic_vs_fast,160,epoch199_ema_full_cifar100,argmax_agreement,10000,,,True,44,199,0.9999
checkpoint_parity_run,mn_l2,generic_vs_fast,160,epoch199_ema_full_cifar100,argmax_mismatch_count,10000,,,True,44,199,1
checkpoint_parity_run,mn_l2,generic_vs_fast,160,epoch199_ema_full_cifar100,max_abs_logit_diff,10000,,,True,44,199,0.00390625
checkpoint_parity_run,mn_l2,generic_vs_fast,160,epoch199_ema_full_cifar100,mean_abs_logit_diff,10000,,,True,44,199,0.0002100451271533966
checkpoint_parity_run,mn_l4,generic_vs_fast,160,epoch199_ema_full_cifar100,generic_top1,10000,,,True,42,199,66.7
checkpoint_parity_run,mn_l4,generic_vs_fast,160,epoch199_ema_full_cifar100,fast_top1,10000,,,True,42,199,66.7
checkpoint_parity_run,mn_l4,generic_vs_fast,160,epoch199_ema_full_cifar100,top1_delta_pp,10000,,,True,42,199,0.0
checkpoint_parity_run,mn_l4,generic_vs_fast,160,epoch199_ema_full_cifar100,argmax_agreement,10000,,,True,42,199,1.0
checkpoint_parity_run,mn_l4,generic_vs_fast,160,epoch199_ema_full_cifar100,argmax_mismatch_count,10000,,,True,42,199,0
checkpoint_parity_run,mn_l4,generic_vs_fast,160,epoch199_ema_full_cifar100,max_abs_logit_diff,10000,,,True,42,199,0.0078125
checkpoint_parity_run,mn_l4,generic_vs_fast,160,epoch199_ema_full_cifar100,mean_abs_logit_diff,10000,,,True,42,199,0.00024253167378902434
checkpoint_parity_run,mn_l4,generic_vs_fast,160,epoch199_ema_full_cifar100,generic_top1,10000,,,True,43,199,66.27
checkpoint_parity_run,mn_l4,generic_vs_fast,160,epoch199_ema_full_cifar100,fast_top1,10000,,,True,43,199,66.28
checkpoint_parity_run,mn_l4,generic_vs_fast,160,epoch199_ema_full_cifar100,top1_delta_pp,10000,,,True,43,199,0.01
checkpoint_parity_run,mn_l4,generic_vs_fast,160,epoch199_ema_full_cifar100,argmax_agreement,10000,,,True,43,199,0.9997
checkpoint_parity_run,mn_l4,generic_vs_fast,160,epoch199_ema_full_cifar100,argmax_mismatch_count,10000,,,True,43,199,3
checkpoint_parity_run,mn_l4,generic_vs_fast,160,epoch199_ema_full_cifar100,max_abs_logit_diff,10000,,,True,43,199,0.0078125
checkpoint_parity_run,mn_l4,generic_vs_fast,160,epoch199_ema_full_cifar100,mean_abs_logit_diff,10000,,,True,43,199,0.00023868815940618514
checkpoint_parity_run,mn_l4,generic_vs_fast,160,epoch199_ema_full_cifar100,generic_top1,10000,,,True,44,199,66.15
checkpoint_parity_run,mn_l4,generic_vs_fast,160,epoch199_ema_full_cifar100,fast_top1,10000,,,True,44,199,66.15
checkpoint_parity_run,mn_l4,generic_vs_fast,160,epoch199_ema_full_cifar100,top1_delta_pp,10000,,,True,44,199,0.0
checkpoint_parity_run,mn_l4,generic_vs_fast,160,epoch199_ema_full_cifar100,argmax_agreement,10000,,,True,44,199,0.9999
checkpoint_parity_run,mn_l4,generic_vs_fast,160,epoch199_ema_full_cifar100,argmax_mismatch_count,10000,,,True,44,199,1
checkpoint_parity_run,mn_l4,generic_vs_fast,160,epoch199_ema_full_cifar100,max_abs_logit_diff,10000,,,True,44,199,0.0078125
checkpoint_parity_run,mn_l4,generic_vs_fast,160,epoch199_ema_full_cifar100,mean_abs_logit_diff,10000,,,True,44,199,0.00024269107222557067
checkpoint_parity_run,mn_l2,generic_vs_fast,192,epoch199_ema_full_cifar100,generic_top1,10000,,,True,42,199,69.92
checkpoint_parity_run,mn_l2,generic_vs_fast,192,epoch199_ema_full_cifar100,fast_top1,10000,,,True,42,199,69.92
checkpoint_parity_run,mn_l2,generic_vs_fast,192,epoch199_ema_full_cifar100,top1_delta_pp,10000,,,True,42,199,0.0
checkpoint_parity_run,mn_l2,generic_vs_fast,192,epoch199_ema_full_cifar100,argmax_agreement,10000,,,True,42,199,1.0
checkpoint_parity_run,mn_l2,generic_vs_fast,192,epoch199_ema_full_cifar100,argmax_mismatch_count,10000,,,True,42,199,0
checkpoint_parity_run,mn_l2,generic_vs_fast,192,epoch199_ema_full_cifar100,max_abs_logit_diff,10000,,,True,42,199,0.009765625
checkpoint_parity_run,mn_l2,generic_vs_fast,192,epoch199_ema_full_cifar100,mean_abs_logit_diff,10000,,,True,42,199,0.00021096250903606415
checkpoint_parity_run,mn_l2,generic_vs_fast,192,epoch199_ema_full_cifar100,generic_top1,10000,,,True,43,199,69.92
checkpoint_parity_run,mn_l2,generic_vs_fast,192,epoch199_ema_full_cifar100,fast_top1,10000,,,True,43,199,69.92
checkpoint_parity_run,mn_l2,generic_vs_fast,192,epoch199_ema_full_cifar100,top1_delta_pp,10000,,,True,43,199,0.0
checkpoint_parity_run,mn_l2,generic_vs_fast,192,epoch199_ema_full_cifar100,argmax_agreement,10000,,,True,43,199,1.0
checkpoint_parity_run,mn_l2,generic_vs_fast,192,epoch199_ema_full_cifar100,argmax_mismatch_count,10000,,,True,43,199,0
checkpoint_parity_run,mn_l2,generic_vs_fast,192,epoch199_ema_full_cifar100,max_abs_logit_diff,10000,,,True,43,199,0.0078125
checkpoint_parity_run,mn_l2,generic_vs_fast,192,epoch199_ema_full_cifar100,mean_abs_logit_diff,10000,,,True,43,199,0.00021810722804069518
checkpoint_parity_run,mn_l2,generic_vs_fast,192,epoch199_ema_full_cifar100,generic_top1,10000,,,True,44,199,69.14
checkpoint_parity_run,mn_l2,generic_vs_fast,192,epoch199_ema_full_cifar100,fast_top1,10000,,,True,44,199,69.16
checkpoint_parity_run,mn_l2,generic_vs_fast,192,epoch199_ema_full_cifar100,top1_delta_pp,10000,,,True,44,199,0.02
checkpoint_parity_run,mn_l2,generic_vs_fast,192,epoch199_ema_full_cifar100,argmax_agreement,10000,,,True,44,199,0.9998
checkpoint_parity_run,mn_l2,generic_vs_fast,192,epoch199_ema_full_cifar100,argmax_mismatch_count,10000,,,True,44,199,2
checkpoint_parity_run,mn_l2,generic_vs_fast,192,epoch199_ema_full_cifar100,max_abs_logit_diff,10000,,,True,44,199,0.0078125
checkpoint_parity_run,mn_l2,generic_vs_fast,192,epoch199_ema_full_cifar100,mean_abs_logit_diff,10000,,,True,44,199,0.0002136106181740761
checkpoint_parity_run,mn_l4,generic_vs_fast,192,epoch199_ema_full_cifar100,generic_top1,10000,,,True,42,199,69.75
checkpoint_parity_run,mn_l4,generic_vs_fast,192,epoch199_ema_full_cifar100,fast_top1,10000,,,True,42,199,69.75
checkpoint_parity_run,mn_l4,generic_vs_fast,192,epoch199_ema_full_cifar100,top1_delta_pp,10000,,,True,42,199,0.0
checkpoint_parity_run,mn_l4,generic_vs_fast,192,epoch199_ema_full_cifar100,argmax_agreement,10000,,,True,42,199,0.9998
checkpoint_parity_run,mn_l4,generic_vs_fast,192,epoch199_ema_full_cifar100,argmax_mismatch_count,10000,,,True,42,199,2
checkpoint_parity_run,mn_l4,generic_vs_fast,192,epoch199_ema_full_cifar100,max_abs_logit_diff,10000,,,True,42,199,0.0078125
checkpoint_parity_run,mn_l4,generic_vs_fast,192,epoch199_ema_full_cifar100,mean_abs_logit_diff,10000,,,True,42,199,0.0002362904350757599
checkpoint_parity_run,mn_l4,generic_vs_fast,192,epoch199_ema_full_cifar100,generic_top1,10000,,,True,43,199,67.84
checkpoint_parity_run,mn_l4,generic_vs_fast,192,epoch199_ema_full_cifar100,fast_top1,10000,,,True,43,199,67.82
checkpoint_parity_run,mn_l4,generic_vs_fast,192,epoch199_ema_full_cifar100,top1_delta_pp,10000,,,True,43,199,-0.02
checkpoint_parity_run,mn_l4,generic_vs_fast,192,epoch199_ema_full_cifar100,argmax_agreement,10000,,,True,43,199,0.9998
checkpoint_parity_run,mn_l4,generic_vs_fast,192,epoch199_ema_full_cifar100,argmax_mismatch_count,10000,,,True,43,199,2
checkpoint_parity_run,mn_l4,generic_vs_fast,192,epoch199_ema_full_cifar100,max_abs_logit_diff,10000,,,True,43,199,0.00390625
checkpoint_parity_run,mn_l4,generic_vs_fast,192,epoch199_ema_full_cifar100,mean_abs_logit_diff,10000,,,True,43,199,0.00024593846434354784
checkpoint_parity_run,mn_l4,generic_vs_fast,192,epoch199_ema_full_cifar100,generic_top1,10000,,,True,44,199,68.51
checkpoint_parity_run,mn_l4,generic_vs_fast,192,epoch199_ema_full_cifar100,fast_top1,10000,,,True,44,199,68.52
checkpoint_parity_run,mn_l4,generic_vs_fast,192,epoch199_ema_full_cifar100,top1_delta_pp,10000,,,True,44,199,0.01
checkpoint_parity_run,mn_l4,generic_vs_fast,192,epoch199_ema_full_cifar100,argmax_agreement,10000,,,True,44,199,0.9999
checkpoint_parity_run,mn_l4,generic_vs_fast,192,epoch199_ema_full_cifar100,argmax_mismatch_count,10000,,,True,44,199,1
checkpoint_parity_run,mn_l4,generic_vs_fast,192,epoch199_ema_full_cifar100,max_abs_logit_diff,10000,,,True,44,199,0.0078125
checkpoint_parity_run,mn_l4,generic_vs_fast,192,epoch199_ema_full_cifar100,mean_abs_logit_diff,10000,,,True,44,199,0.00023193164455890655
checkpoint_parity_run,mn_l2,generic_vs_fast,224,epoch199_ema_full_cifar100,generic_top1,10000,,,True,42,199,70.51
checkpoint_parity_run,mn_l2,generic_vs_fast,224,epoch199_ema_full_cifar100,fast_top1,10000,,,True,42,199,70.51
checkpoint_parity_run,mn_l2,generic_vs_fast,224,epoch199_ema_full_cifar100,top1_delta_pp,10000,,,True,42,199,0.0
checkpoint_parity_run,mn_l2,generic_vs_fast,224,epoch199_ema_full_cifar100,argmax_agreement,10000,,,True,42,199,1.0
checkpoint_parity_run,mn_l2,generic_vs_fast,224,epoch199_ema_full_cifar100,argmax_mismatch_count,10000,,,True,42,199,0
checkpoint_parity_run,mn_l2,generic_vs_fast,224,epoch199_ema_full_cifar100,max_abs_logit_diff,10000,,,True,42,199,0.0078125
checkpoint_parity_run,mn_l2,generic_vs_fast,224,epoch199_ema_full_cifar100,mean_abs_logit_diff,10000,,,True,42,199,0.00021514402395486832
checkpoint_parity_run,mn_l2,generic_vs_fast,224,epoch199_ema_full_cifar100,generic_top1,10000,,,True,43,199,70.19
checkpoint_parity_run,mn_l2,generic_vs_fast,224,epoch199_ema_full_cifar100,fast_top1,10000,,,True,43,199,70.18
checkpoint_parity_run,mn_l2,generic_vs_fast,224,epoch199_ema_full_cifar100,top1_delta_pp,10000,,,True,43,199,-0.01
checkpoint_parity_run,mn_l2,generic_vs_fast,224,epoch199_ema_full_cifar100,argmax_agreement,10000,,,True,43,199,0.9999
checkpoint_parity_run,mn_l2,generic_vs_fast,224,epoch199_ema_full_cifar100,argmax_mismatch_count,10000,,,True,43,199,1
checkpoint_parity_run,mn_l2,generic_vs_fast,224,epoch199_ema_full_cifar100,max_abs_logit_diff,10000,,,True,43,199,0.0078125
checkpoint_parity_run,mn_l2,generic_vs_fast,224,epoch199_ema_full_cifar100,mean_abs_logit_diff,10000,,,True,43,199,0.000216988812148571
checkpoint_parity_run,mn_l2,generic_vs_fast,224,epoch199_ema_full_cifar100,generic_top1,10000,,,True,44,199,69.66
checkpoint_parity_run,mn_l2,generic_vs_fast,224,epoch199_ema_full_cifar100,fast_top1,10000,,,True,44,199,69.66
checkpoint_parity_run,mn_l2,generic_vs_fast,224,epoch199_ema_full_cifar100,top1_delta_pp,10000,,,True,44,199,0.0
checkpoint_parity_run,mn_l2,generic_vs_fast,224,epoch199_ema_full_cifar100,argmax_agreement,10000,,,True,44,199,0.9998
checkpoint_parity_run,mn_l2,generic_vs_fast,224,epoch199_ema_full_cifar100,argmax_mismatch_count,10000,,,True,44,199,2
checkpoint_parity_run,mn_l2,generic_vs_fast,224,epoch199_ema_full_cifar100,max_abs_logit_diff,10000,,,True,44,199,0.0078125
checkpoint_parity_run,mn_l2,generic_vs_fast,224,epoch199_ema_full_cifar100,mean_abs_logit_diff,10000,,,True,44,199,0.00022028434216976166
checkpoint_parity_run,mn_l4,generic_vs_fast,224,epoch199_ema_full_cifar100,generic_top1,10000,,,True,42,199,69.87
checkpoint_parity_run,mn_l4,generic_vs_fast,224,epoch199_ema_full_cifar100,fast_top1,10000,,,True,42,199,69.85
checkpoint_parity_run,mn_l4,generic_vs_fast,224,epoch199_ema_full_cifar100,top1_delta_pp,10000,,,True,42,199,-0.02
checkpoint_parity_run,mn_l4,generic_vs_fast,224,epoch199_ema_full_cifar100,argmax_agreement,10000,,,True,42,199,0.9998
checkpoint_parity_run,mn_l4,generic_vs_fast,224,epoch199_ema_full_cifar100,argmax_mismatch_count,10000,,,True,42,199,2
checkpoint_parity_run,mn_l4,generic_vs_fast,224,epoch199_ema_full_cifar100,max_abs_logit_diff,10000,,,True,42,199,0.021728515625
checkpoint_parity_run,mn_l4,generic_vs_fast,224,epoch199_ema_full_cifar100,mean_abs_logit_diff,10000,,,True,42,199,0.00023412743294239045
checkpoint_parity_run,mn_l4,generic_vs_fast,224,epoch199_ema_full_cifar100,generic_top1,10000,,,True,43,199,69.71
checkpoint_parity_run,mn_l4,generic_vs_fast,224,epoch199_ema_full_cifar100,fast_top1,10000,,,True,43,199,69.71
checkpoint_parity_run,mn_l4,generic_vs_fast,224,epoch199_ema_full_cifar100,top1_delta_pp,10000,,,True,43,199,0.0
checkpoint_parity_run,mn_l4,generic_vs_fast,224,epoch199_ema_full_cifar100,argmax_agreement,10000,,,True,43,199,1.0
checkpoint_parity_run,mn_l4,generic_vs_fast,224,epoch199_ema_full_cifar100,argmax_mismatch_count,10000,,,True,43,199,0
checkpoint_parity_run,mn_l4,generic_vs_fast,224,epoch199_ema_full_cifar100,max_abs_logit_diff,10000,,,True,43,199,0.00390625
checkpoint_parity_run,mn_l4,generic_vs_fast,224,epoch199_ema_full_cifar100,mean_abs_logit_diff,10000,,,True,43,199,0.00022731742531061173
checkpoint_parity_run,mn_l4,generic_vs_fast,224,epoch199_ema_full_cifar100,generic_top1,10000,,,True,44,199,69.53
checkpoint_parity_run,mn_l4,generic_vs_fast,224,epoch199_ema_full_cifar100,fast_top1,10000,,,True,44,199,69.53
checkpoint_parity_run,mn_l4,generic_vs_fast,224,epoch199_ema_full_cifar100,top1_delta_pp,10000,,,True,44,199,0.0
checkpoint_parity_run,mn_l4,generic_vs_fast,224,epoch199_ema_full_cifar100,argmax_agreement,10000,,,True,44,199,1.0
checkpoint_parity_run,mn_l4,generic_vs_fast,224,epoch199_ema_full_cifar100,argmax_mismatch_count,10000,,,True,44,199,0
checkpoint_parity_run,mn_l4,generic_vs_fast,224,epoch199_ema_full_cifar100,max_abs_logit_diff,10000,,,True,44,199,0.0556640625
checkpoint_parity_run,mn_l4,generic_vs_fast,224,epoch199_ema_full_cifar100,mean_abs_logit_diff,10000,,,True,44,199,0.00023398251241445541
checkpoint_parity_run,mn_l2,generic_vs_fast,256,epoch199_ema_full_cifar100,generic_top1,10000,,,True,42,199,70.12
checkpoint_parity_run,mn_l2,generic_vs_fast,256,epoch199_ema_full_cifar100,fast_top1,10000,,,True,42,199,70.12
checkpoint_parity_run,mn_l2,generic_vs_fast,256,epoch199_ema_full_cifar100,top1_delta_pp,10000,,,True,42,199,0.0
checkpoint_parity_run,mn_l2,generic_vs_fast,256,epoch199_ema_full_cifar100,argmax_agreement,10000,,,True,42,199,0.9998
checkpoint_parity_run,mn_l2,generic_vs_fast,256,epoch199_ema_full_cifar100,argmax_mismatch_count,10000,,,True,42,199,2
checkpoint_parity_run,mn_l2,generic_vs_fast,256,epoch199_ema_full_cifar100,max_abs_logit_diff,10000,,,True,42,199,0.00390625
checkpoint_parity_run,mn_l2,generic_vs_fast,256,epoch199_ema_full_cifar100,mean_abs_logit_diff,10000,,,True,42,199,0.00022189906805753707
checkpoint_parity_run,mn_l2,generic_vs_fast,256,epoch199_ema_full_cifar100,generic_top1,10000,,,True,43,199,70.99
checkpoint_parity_run,mn_l2,generic_vs_fast,256,epoch199_ema_full_cifar100,fast_top1,10000,,,True,43,199,70.99
checkpoint_parity_run,mn_l2,generic_vs_fast,256,epoch199_ema_full_cifar100,top1_delta_pp,10000,,,True,43,199,0.0
checkpoint_parity_run,mn_l2,generic_vs_fast,256,epoch199_ema_full_cifar100,argmax_agreement,10000,,,True,43,199,0.9999
checkpoint_parity_run,mn_l2,generic_vs_fast,256,epoch199_ema_full_cifar100,argmax_mismatch_count,10000,,,True,43,199,1
checkpoint_parity_run,mn_l2,generic_vs_fast,256,epoch199_ema_full_cifar100,max_abs_logit_diff,10000,,,True,43,199,0.00390625
checkpoint_parity_run,mn_l2,generic_vs_fast,256,epoch199_ema_full_cifar100,mean_abs_logit_diff,10000,,,True,43,199,0.0002214697055220604
checkpoint_parity_run,mn_l2,generic_vs_fast,256,epoch199_ema_full_cifar100,generic_top1,10000,,,True,44,199,70.04
checkpoint_parity_run,mn_l2,generic_vs_fast,256,epoch199_ema_full_cifar100,fast_top1,10000,,,True,44,199,70.04
checkpoint_parity_run,mn_l2,generic_vs_fast,256,epoch199_ema_full_cifar100,top1_delta_pp,10000,,,True,44,199,0.0
checkpoint_parity_run,mn_l2,generic_vs_fast,256,epoch199_ema_full_cifar100,argmax_agreement,10000,,,True,44,199,1.0
checkpoint_parity_run,mn_l2,generic_vs_fast,256,epoch199_ema_full_cifar100,argmax_mismatch_count,10000,,,True,44,199,0
checkpoint_parity_run,mn_l2,generic_vs_fast,256,epoch199_ema_full_cifar100,max_abs_logit_diff,10000,,,True,44,199,0.0078125
checkpoint_parity_run,mn_l2,generic_vs_fast,256,epoch199_ema_full_cifar100,mean_abs_logit_diff,10000,,,True,44,199,0.00022050484186410905
checkpoint_parity_run,mn_l4,generic_vs_fast,256,epoch199_ema_full_cifar100,generic_top1,10000,,,True,42,199,68.3
checkpoint_parity_run,mn_l4,generic_vs_fast,256,epoch199_ema_full_cifar100,fast_top1,10000,,,True,42,199,68.31
checkpoint_parity_run,mn_l4,generic_vs_fast,256,epoch199_ema_full_cifar100,top1_delta_pp,10000,,,True,42,199,0.01
checkpoint_parity_run,mn_l4,generic_vs_fast,256,epoch199_ema_full_cifar100,argmax_agreement,10000,,,True,42,199,0.9999
checkpoint_parity_run,mn_l4,generic_vs_fast,256,epoch199_ema_full_cifar100,argmax_mismatch_count,10000,,,True,42,199,1
checkpoint_parity_run,mn_l4,generic_vs_fast,256,epoch199_ema_full_cifar100,max_abs_logit_diff,10000,,,True,42,199,0.0078125
checkpoint_parity_run,mn_l4,generic_vs_fast,256,epoch199_ema_full_cifar100,mean_abs_logit_diff,10000,,,True,42,199,0.00023081389617919922
checkpoint_parity_run,mn_l4,generic_vs_fast,256,epoch199_ema_full_cifar100,generic_top1,10000,,,True,43,199,69.44
checkpoint_parity_run,mn_l4,generic_vs_fast,256,epoch199_ema_full_cifar100,fast_top1,10000,,,True,43,199,69.44
checkpoint_parity_run,mn_l4,generic_vs_fast,256,epoch199_ema_full_cifar100,top1_delta_pp,10000,,,True,43,199,0.0
checkpoint_parity_run,mn_l4,generic_vs_fast,256,epoch199_ema_full_cifar100,argmax_agreement,10000,,,True,43,199,1.0
checkpoint_parity_run,mn_l4,generic_vs_fast,256,epoch199_ema_full_cifar100,argmax_mismatch_count,10000,,,True,43,199,0
checkpoint_parity_run,mn_l4,generic_vs_fast,256,epoch199_ema_full_cifar100,max_abs_logit_diff,10000,,,True,43,199,0.0078125
checkpoint_parity_run,mn_l4,generic_vs_fast,256,epoch199_ema_full_cifar100,mean_abs_logit_diff,10000,,,True,43,199,0.0002305120260119438
checkpoint_parity_run,mn_l4,generic_vs_fast,256,epoch199_ema_full_cifar100,generic_top1,10000,,,True,44,199,68.65
checkpoint_parity_run,mn_l4,generic_vs_fast,256,epoch199_ema_full_cifar100,fast_top1,10000,,,True,44,199,68.64
checkpoint_parity_run,mn_l4,generic_vs_fast,256,epoch199_ema_full_cifar100,top1_delta_pp,10000,,,True,44,199,-0.01
checkpoint_parity_run,mn_l4,generic_vs_fast,256,epoch199_ema_full_cifar100,argmax_agreement,10000,,,True,44,199,0.9999
checkpoint_parity_run,mn_l4,generic_vs_fast,256,epoch199_ema_full_cifar100,argmax_mismatch_count,10000,,,True,44,199,1
checkpoint_parity_run,mn_l4,generic_vs_fast,256,epoch199_ema_full_cifar100,max_abs_logit_diff,10000,,,True,44,199,0.0078125
checkpoint_parity_run,mn_l4,generic_vs_fast,256,epoch199_ema_full_cifar100,mean_abs_logit_diff,10000,,,True,44,199,0.00023296352595090865
checkpoint_parity_run,mn_l2,generic_vs_fast,320,epoch199_ema_full_cifar100,generic_top1,10000,,,True,42,199,70.8
checkpoint_parity_run,mn_l2,generic_vs_fast,320,epoch199_ema_full_cifar100,fast_top1,10000,,,True,42,199,70.8
checkpoint_parity_run,mn_l2,generic_vs_fast,320,epoch199_ema_full_cifar100,top1_delta_pp,10000,,,True,42,199,0.0
checkpoint_parity_run,mn_l2,generic_vs_fast,320,epoch199_ema_full_cifar100,argmax_agreement,10000,,,True,42,199,1.0
checkpoint_parity_run,mn_l2,generic_vs_fast,320,epoch199_ema_full_cifar100,argmax_mismatch_count,10000,,,True,42,199,0
checkpoint_parity_run,mn_l2,generic_vs_fast,320,epoch199_ema_full_cifar100,max_abs_logit_diff,10000,,,True,42,199,0.0078125
checkpoint_parity_run,mn_l2,generic_vs_fast,320,epoch199_ema_full_cifar100,mean_abs_logit_diff,10000,,,True,42,199,0.00023619572114944457
checkpoint_parity_run,mn_l2,generic_vs_fast,320,epoch199_ema_full_cifar100,generic_top1,10000,,,True,43,199,70.45
checkpoint_parity_run,mn_l2,generic_vs_fast,320,epoch199_ema_full_cifar100,fast_top1,10000,,,True,43,199,70.45
checkpoint_parity_run,mn_l2,generic_vs_fast,320,epoch199_ema_full_cifar100,top1_delta_pp,10000,,,True,43,199,0.0
checkpoint_parity_run,mn_l2,generic_vs_fast,320,epoch199_ema_full_cifar100,argmax_agreement,10000,,,True,43,199,0.9999
checkpoint_parity_run,mn_l2,generic_vs_fast,320,epoch199_ema_full_cifar100,argmax_mismatch_count,10000,,,True,43,199,1
checkpoint_parity_run,mn_l2,generic_vs_fast,320,epoch199_ema_full_cifar100,max_abs_logit_diff,10000,,,True,43,199,0.0078125
checkpoint_parity_run,mn_l2,generic_vs_fast,320,epoch199_ema_full_cifar100,mean_abs_logit_diff,10000,,,True,43,199,0.0002295630668401718
checkpoint_parity_run,mn_l2,generic_vs_fast,320,epoch199_ema_full_cifar100,generic_top1,10000,,,True,44,199,70.98
checkpoint_parity_run,mn_l2,generic_vs_fast,320,epoch199_ema_full_cifar100,fast_top1,10000,,,True,44,199,70.97
checkpoint_parity_run,mn_l2,generic_vs_fast,320,epoch199_ema_full_cifar100,top1_delta_pp,10000,,,True,44,199,-0.01
checkpoint_parity_run,mn_l2,generic_vs_fast,320,epoch199_ema_full_cifar100,argmax_agreement,10000,,,True,44,199,0.9998
checkpoint_parity_run,mn_l2,generic_vs_fast,320,epoch199_ema_full_cifar100,argmax_mismatch_count,10000,,,True,44,199,2
checkpoint_parity_run,mn_l2,generic_vs_fast,320,epoch199_ema_full_cifar100,max_abs_logit_diff,10000,,,True,44,199,0.0078125
checkpoint_parity_run,mn_l2,generic_vs_fast,320,epoch199_ema_full_cifar100,mean_abs_logit_diff,10000,,,True,44,199,0.00022607073950767518
checkpoint_parity_run,mn_l4,generic_vs_fast,320,epoch199_ema_full_cifar100,generic_top1,10000,,,True,42,199,67.09
checkpoint_parity_run,mn_l4,generic_vs_fast,320,epoch199_ema_full_cifar100,fast_top1,10000,,,True,42,199,67.08
checkpoint_parity_run,mn_l4,generic_vs_fast,320,epoch199_ema_full_cifar100,top1_delta_pp,10000,,,True,42,199,-0.01
checkpoint_parity_run,mn_l4,generic_vs_fast,320,epoch199_ema_full_cifar100,argmax_agreement,10000,,,True,42,199,0.9998
checkpoint_parity_run,mn_l4,generic_vs_fast,320,epoch199_ema_full_cifar100,argmax_mismatch_count,10000,,,True,42,199,2
checkpoint_parity_run,mn_l4,generic_vs_fast,320,epoch199_ema_full_cifar100,max_abs_logit_diff,10000,,,True,42,199,0.0078125
checkpoint_parity_run,mn_l4,generic_vs_fast,320,epoch199_ema_full_cifar100,mean_abs_logit_diff,10000,,,True,42,199,0.00022831397533416747
checkpoint_parity_run,mn_l4,generic_vs_fast,320,epoch199_ema_full_cifar100,generic_top1,10000,,,True,43,199,67.7
checkpoint_parity_run,mn_l4,generic_vs_fast,320,epoch199_ema_full_cifar100,fast_top1,10000,,,True,43,199,67.7
checkpoint_parity_run,mn_l4,generic_vs_fast,320,epoch199_ema_full_cifar100,top1_delta_pp,10000,,,True,43,199,0.0
checkpoint_parity_run,mn_l4,generic_vs_fast,320,epoch199_ema_full_cifar100,argmax_agreement,10000,,,True,43,199,0.9998
checkpoint_parity_run,mn_l4,generic_vs_fast,320,epoch199_ema_full_cifar100,argmax_mismatch_count,10000,,,True,43,199,2
checkpoint_parity_run,mn_l4,generic_vs_fast,320,epoch199_ema_full_cifar100,max_abs_logit_diff,10000,,,True,43,199,0.00390625
checkpoint_parity_run,mn_l4,generic_vs_fast,320,epoch199_ema_full_cifar100,mean_abs_logit_diff,10000,,,True,43,199,0.00022123342353105546
checkpoint_parity_run,mn_l4,generic_vs_fast,320,epoch199_ema_full_cifar100,generic_top1,10000,,,True,44,199,67.03
checkpoint_parity_run,mn_l4,generic_vs_fast,320,epoch199_ema_full_cifar100,fast_top1,10000,,,True,44,199,67.03
checkpoint_parity_run,mn_l4,generic_vs_fast,320,epoch199_ema_full_cifar100,top1_delta_pp,10000,,,True,44,199,0.0
checkpoint_parity_run,mn_l4,generic_vs_fast,320,epoch199_ema_full_cifar100,argmax_agreement,10000,,,True,44,199,0.9998
checkpoint_parity_run,mn_l4,generic_vs_fast,320,epoch199_ema_full_cifar100,argmax_mismatch_count,10000,,,True,44,199,2
checkpoint_parity_run,mn_l4,generic_vs_fast,320,epoch199_ema_full_cifar100,max_abs_logit_diff,10000,,,True,44,199,0.0078125
checkpoint_parity_run,mn_l4,generic_vs_fast,320,epoch199_ema_full_cifar100,mean_abs_logit_diff,10000,,,True,44,199,0.00022648409307003022
appendix_best_only,deit_s8,,160,,best_ema_top1_not_primary,1,,,True,42,198,66.69
appendix_best_only,deit_s8,,160,,best_ema_top1_not_primary,1,,,True,43,199,66.94
appendix_best_only,deit_s8,,160,,best_ema_top1_not_primary,1,,,True,44,199,67.09
appendix_best_only,mn_l2,,160,,best_ema_top1_not_primary,1,,,True,42,199,68.79
appendix_best_only,mn_l2,,160,,best_ema_top1_not_primary,1,,,True,43,199,68.26
appendix_best_only,mn_l2,,160,,best_ema_top1_not_primary,1,,,True,44,199,69.89
appendix_best_only,mn_l4,,160,,best_ema_top1_not_primary,1,,,True,42,196,66.75
appendix_best_only,mn_l4,,160,,best_ema_top1_not_primary,1,,,True,43,198,66.29
appendix_best_only,mn_l4,,160,,best_ema_top1_not_primary,1,,,True,44,197,66.18
appendix_best_only,deit_s8,,192,,best_ema_top1_not_primary,1,,,True,42,199,65.65
appendix_best_only,deit_s8,,192,,best_ema_top1_not_primary,1,,,True,43,199,65.97
appendix_best_only,deit_s8,,192,,best_ema_top1_not_primary,1,,,True,44,197,66.23
appendix_best_only,mn_l2,,192,,best_ema_top1_not_primary,1,,,True,42,197,69.95
appendix_best_only,mn_l2,,192,,best_ema_top1_not_primary,1,,,True,43,198,69.93
appendix_best_only,mn_l2,,192,,best_ema_top1_not_primary,1,,,True,44,194,69.25
appendix_best_only,mn_l4,,192,,best_ema_top1_not_primary,1,,,True,42,197,69.75
appendix_best_only,mn_l4,,192,,best_ema_top1_not_primary,1,,,True,43,199,67.84
appendix_best_only,mn_l4,,192,,best_ema_top1_not_primary,1,,,True,44,198,68.52
appendix_best_only,deit_s8,,224,,best_ema_top1_not_primary,1,,,True,42,195,66.7
appendix_best_only,deit_s8,,224,,best_ema_top1_not_primary,1,,,True,43,199,65.48
appendix_best_only,deit_s8,,224,,best_ema_top1_not_primary,1,,,True,44,199,66.02
appendix_best_only,mn_l2,,224,,best_ema_top1_not_primary,1,,,True,42,199,70.53
appendix_best_only,mn_l2,,224,,best_ema_top1_not_primary,1,,,True,43,198,70.18
appendix_best_only,mn_l2,,224,,best_ema_top1_not_primary,1,,,True,44,198,69.67
appendix_best_only,mn_l4,,224,,best_ema_top1_not_primary,1,,,True,42,195,69.95
appendix_best_only,mn_l4,,224,,best_ema_top1_not_primary,1,,,True,43,198,69.73
appendix_best_only,mn_l4,,224,,best_ema_top1_not_primary,1,,,True,44,199,69.53
appendix_best_only,deit_s8,,256,,best_ema_top1_not_primary,1,,,True,42,198,65.55
appendix_best_only,deit_s8,,256,,best_ema_top1_not_primary,1,,,True,43,199,65.66
appendix_best_only,deit_s8,,256,,best_ema_top1_not_primary,1,,,True,44,199,65.85
appendix_best_only,mn_l2,,256,,best_ema_top1_not_primary,1,,,True,42,196,70.26
appendix_best_only,mn_l2,,256,,best_ema_top1_not_primary,1,,,True,43,198,71.08
appendix_best_only,mn_l2,,256,,best_ema_top1_not_primary,1,,,True,44,199,70.05
appendix_best_only,mn_l4,,256,,best_ema_top1_not_primary,1,,,True,42,199,68.3
appendix_best_only,mn_l4,,256,,best_ema_top1_not_primary,1,,,True,43,199,69.44
appendix_best_only,mn_l4,,256,,best_ema_top1_not_primary,1,,,True,44,193,68.67
appendix_best_only,deit_s8,,320,,best_ema_top1_not_primary,1,,,True,42,199,64.29
appendix_best_only,deit_s8,,320,,best_ema_top1_not_primary,1,,,True,43,199,65.47
appendix_best_only,deit_s8,,320,,best_ema_top1_not_primary,1,,,True,44,199,65.44
appendix_best_only,mn_l2,,320,,best_ema_top1_not_primary,1,,,True,42,195,70.95
appendix_best_only,mn_l2,,320,,best_ema_top1_not_primary,1,,,True,43,199,70.45
appendix_best_only,mn_l2,,320,,best_ema_top1_not_primary,1,,,True,44,199,70.97
appendix_best_only,mn_l4,,320,,best_ema_top1_not_primary,1,,,True,42,198,67.09
appendix_best_only,mn_l4,,320,,best_ema_top1_not_primary,1,,,True,43,198,67.8
appendix_best_only,mn_l4,,320,,best_ema_top1_not_primary,1,,,True,44,196,67.09
final_release,mn_l4,deit_s8,,primary_plus_checkpoint_parity,final_release_status,30,,,True,,199,NO_GO
